{
  "hash": "5169577a",
  "configHash": "50f9b887",
  "lockfileHash": "1e8137c4",
  "browserHash": "13627ebb",
  "optimized": {
    "@angular/common": {
      "src": "../../../../../../node_modules/@angular/common/fesm2022/common.mjs",
      "file": "@angular_common.js",
      "fileHash": "6e103d8e",
      "needsInterop": false
    },
    "@angular/core": {
      "src": "../../../../../../node_modules/@angular/core/fesm2022/core.mjs",
      "file": "@angular_core.js",
      "fileHash": "871770a4",
      "needsInterop": false
    },
    "@angular/forms": {
      "src": "../../../../../../node_modules/@angular/forms/fesm2022/forms.mjs",
      "file": "@angular_forms.js",
      "fileHash": "89fda0ad",
      "needsInterop": false
    },
    "@angular/platform-browser": {
      "src": "../../../../../../node_modules/@angular/platform-browser/fesm2022/platform-browser.mjs",
      "file": "@angular_platform-browser.js",
      "fileHash": "5974a7f0",
      "needsInterop": false
    },
    "@angular/router": {
      "src": "../../../../../../node_modules/@angular/router/fesm2022/router.mjs",
      "file": "@angular_router.js",
      "fileHash": "7915729c",
      "needsInterop": false
    }
  },
  "chunks": {
    "chunk-DSC7OBGJ": {
      "file": "chunk-DSC7OBGJ.js"
    },
    "chunk-OKWZKB73": {
      "file": "chunk-OKWZKB73.js"
    },
    "chunk-WVGQZYRG": {
      "file": "chunk-WVGQZYRG.js"
    }
  }
}