{
  "hash": "8d6028b3",
  "configHash": "0217de8b",
  "lockfileHash": "1d048531",
  "browserHash": "9ba76326",
  "optimized": {
    "@angular/core": {
      "src": "../../../../../../node_modules/@angular/core/fesm2022/core.mjs",
      "file": "@angular_core.js",
      "fileHash": "99488fab",
      "needsInterop": false
    },
    "@angular/platform-browser": {
      "src": "../../../../../../node_modules/@angular/platform-browser/fesm2022/platform-browser.mjs",
      "file": "@angular_platform-browser.js",
      "fileHash": "e9b15994",
      "needsInterop": false
    },
    "@angular/router": {
      "src": "../../../../../../node_modules/@angular/router/fesm2022/router.mjs",
      "file": "@angular_router.js",
      "fileHash": "ae81453f",
      "needsInterop": false
    }
  },
  "chunks": {
    "chunk-OYIAGWIJ": {
      "file": "chunk-OYIAGWIJ.js"
    },
    "chunk-KNRYTDUQ": {
      "file": "chunk-KNRYTDUQ.js"
    }
  }
}